artifact_id,artifact_type,name,manufacturer_or_body,era_or_first_date,network_or_family,layer_or_role,research_state,primary_source_target,notes
ART-0001,system,SAGE,"US Air Force; IBM; MIT Lincoln Laboratory; contractors",1950s,SAGE,"real-time command/data communications",started,"SAGE technical manuals; AN/FSQ-7 manuals","Do not equate simplistically with packet networking"
ART-0002,computer,AN/FSQ-7,IBM,1950s,SAGE,"central computing/communications",seed,"IBM/USAF manuals","Record communications peripherals separately"
ART-0003,modem-data-set,Bell Data Set 101,Bell System,1950s,Bell data communications,"digital-to-telephone boundary",priority,"AT&T/Bell manuals and announcements","Chronology/status disputed in secondary sources"
ART-0004,modem-data-set,Bell Data Set 103,Bell System,1950s-1960s,Bell data communications,"dial-up modem",priority,"AT&T/Bell manuals and announcements","Resolve relationship to Bell 101 and 1958/1959 claims"
ART-0005,terminal,Teletype Model 33 ASR,Teletype Corporation,1960s,terminal/time-sharing,"hardcopy terminal",seed,"Teletype manuals/catalogs","Record ASCII revision line speeds current-loop/RS-232 interfaces"
ART-0006,packet-switch,Interface Message Processor (DDP-516),BBN/Honeywell,1969,ARPANET,"packet switching node",started,"BBN reports; Honeywell manuals; RFCs","Split later IMP hardware generations"
ART-0007,minicomputer,Honeywell DDP-516,Honeywell,1960s,ARPANET IMP,"IMP processor platform",started,"Honeywell hardware manual; BBN docs","Record ruggedization memory and I/O configuration"
ART-0008,interface,Host-IMP Interface,"ARPA/BBN/site implementers",1969,ARPANET,"host-to-packet-switch interface",started,"RFC 7; site interface drawings","Each host may require distinct hardware implementation"
ART-0009,host,SDS Sigma 7,SDS,1969,ARPANET/UCLA,"ARPANET host",started,"UCLA host-interface and OS documents","One of first four hosts"
ART-0010,host,SDS 940,SDS,1969,ARPANET/SRI,"ARPANET host",started,"SRI/NIC documents","One of first four hosts"
ART-0011,host,IBM System/360 Model 75,IBM,1969,ARPANET/UCSB,"ARPANET host",started,"UCSB/IBM interface docs","One of first four hosts"
ART-0012,host,DEC PDP-10,DEC,1969,ARPANET/Utah,"ARPANET host",started,"Utah interface/software docs","Exact model/configuration to verify"
ART-0013,packet-switch,Terminal Interface Processor (TIP),BBN,1970s,ARPANET,"terminal access packet switch",started,"BBN TIP Hardware Manual ADA002481; BBN TIP software/manual corpus","Deep terminal-access excavation exists; recover exact processor/terminal scanner cards software tasks and deployed site configurations"
ART-0014,packet-switch,Pluribus IMP,BBN,1970s,ARPANET,"multiprocessor packet switch",seed,"BBN Pluribus reports/source","Record processor modules and software"
ART-0015,packet-radio,ALOHAnet terminal,University of Hawaiʻi,1971,ALOHAnet,"packet-radio user terminal",priority,"ALOHAnet papers/schematics","Recover UHF radios rates packet formats"
ART-0016,packet-switch,CIGALE Mitra 15 node,"CII/IRIA",1970s,CYCLADES/CIGALE,"datagram packet switch",priority,"CYCLADES/CIGALE reports; Mitra 15 manuals","Important hardware embodiment of CYCLADES"
ART-0017,lan-interface,Xerox Alto Ethernet interface,Xerox PARC,1973,Ethernet/PUP,"experimental LAN interface",started,"PARC memos/hardware docs/source","Deep excavation exists; now split interface hardware microcode and transceiver revisions"
ART-0018,network-medium,10BASE5 thick Ethernet,IEEE/vendor ecosystem,1980s,Ethernet,"shared coax LAN medium",started,"IEEE/vendor installation manuals","Include coax transceivers vampire taps AUI terminators"
ART-0019,transceiver,10BASE5 MAU/vampire tap,various,1980s,Ethernet,"coax transceiver attachment",seed,"vendor manuals/catalogs","Model-level catalog needed"
ART-0020,network-medium,10BASE2 thin Ethernet,various,1980s,Ethernet,"shared thin-coax LAN",started,"vendor/IEEE manuals","BNC T connectors and termination are operationally essential"
ART-0021,hub,10BASE-T repeater hub,various,late 1980s-1990s,Ethernet,"multiport repeater",seed,"vendor manuals","Physical star but shared collision domain"
ART-0022,bridge,Ethernet transparent bridge,various,1980s,Ethernet/802.1,"layer-2 forwarding",started,"Radia Perlman 1985; IEEE 802.1D; RFC 1493; DEC/bridge vendor docs","Bridge/STP/switch/VLAN lineage excavation exists; split product families and exact STP dialects"
ART-0023,switch,Kalpana EtherSwitch,Kalpana,1990s,Ethernet,"multiport bridge/switch",priority,"Kalpana manuals/patents/catalogs","Early commercial Ethernet switching history"
ART-0024,lan,IBM Token Ring MAU,IBM,1980s,Token Ring,"ring concentration/cabling",seed,"IBM Token Ring/cabling manuals","Record 4/16 Mbit/s generations and connector types"
ART-0025,nic,Novell NE2000,Novell/OEM,1980s-1990s,Ethernet/PC,"ISA Ethernet NIC",seed,"Novell hardware/driver manuals","Document chipset clones IRQ/I/O packet driver support"
ART-0026,router,Fuzzball router,David Mills/NSFNET sites,1986,NSFNET,"IP router",started,"NSFNET reports; Fuzzball source/docs","Deep internals excavation exists; exact per-site hardware remains priority"
ART-0027,backbone-node,IBM RT Nodal Switching Subsystem,"IBM; Merit; MCI",1988,NSFNET T1,"distributed backbone packet switching/routing node",substantial,"RFC 1074; RFC 1093; Merit Figure 14; IBM/Merit technical records","Structured artifact record exists; generic node = nine RT systems + dual Token Rings + management/WACS; exact model-level BOM remains open"
ART-0028,backbone-node,IBM RS/6000 NSFNET T3 node,"IBM/Merit",1991,NSFNET T3,"backbone routing/switching",priority,"NSFNET/Merit reports","Exact models/interfaces/software needed"
ART-0029,terminal-server,DECserver,DEC,1980s-1990s,DECnet/LAT/TCP-IP,"serial terminal server",started,"DEC LAT Architecture guide; DECserver 100 manuals and firmware","Terminal-access role excavation exists; split DECserver models and LAT/other protocol support"
ART-0030,terminal-server,Livingston PortMaster,Livingston,1990s,Internet access,"dial-up/terminal/IP access server",started,"Livingston PortMaster Configuration Guide; ComOS releases; RFC 2058 origin evidence","Deep terminal-access and PortMaster→RADIUS lineage excavations exist; split models/ComOS/RADIUS client revisions"
ART-0031,access-server,Ascend MAX,Ascend Communications,1990s,Internet access,"PRI/modem/PPP access concentrator",priority,"Ascend manuals/catalogs","Dial-up ISP archaeology"
ART-0032,modem-bank,USRobotics Total Control,USRobotics,1990s,Internet access,"rack modem/digital access system",priority,"USR manuals","Preserve modem cards PRI/T1 management architecture"
ART-0033,wan-device,CSU/DSU,various,1980s-1990s,leased-line IP/WAN,"carrier circuit termination",seed,"vendor/Telco manuals","Catalog models and DDS/T1/E1 distinctions"
ART-0034,wan-device,X.25 Packet Assembler/Disassembler,various,1970s-1990s,X.25,"async terminal to packet network gateway",started,"X.3/X.28/X.29 plus vendor manuals","Deep PAD and terminal-access comparison exists; product-level PAD archaeology remains priority"
ART-0035,wan,Frame Relay Access Device,various,1990s,Frame Relay,"enterprise-to-carrier packet access",seed,"vendor/Frame Relay Forum docs","Preserve DLCI/LMI/CIR operational context"
ART-0036,wan-switch,ATM switch,various,1990s,ATM,"cell switching",seed,"ATM Forum/vendor manuals","Record UNI/NNI/AAL5/LANE use cases"
ART-0037,diagnostic,RS-232 breakout box,various,1970s-1990s,serial networking,"signal diagnostic tool",seed,"vendor catalogs/manuals","Preserve operator-level troubleshooting practice"
ART-0038,diagnostic,Ethernet TDR/cable tester,various,1980s-1990s,Ethernet,"physical cable fault diagnosis",seed,"vendor manuals","Important for shared-coax operations"
ART-0039,protocol-family,NCP,"ARPANET Network Working Group",1970s,ARPANET,"host-to-host networking",started,"RFC/NWG documents/source code","Do not confuse with IBM or NetWare NCP"
ART-0040,protocol-family,X.25,CCITT,1976-,public data networks,"virtual-circuit packet service",started,"edition-specific CCITT recommendations","Treat 1976 and later editions separately"
ART-0041,protocol-family,PUP,Xerox PARC,1970s,PUP internet,"internetwork protocol suite",started,"PARC papers/source","Deep excavation exists; recover release-level specifications source and deployed gateway configurations"
ART-0042,protocol-family,TCP/IP,"DARPA/IETF predecessors",1970s-,Internet,"internetwork/transport suite",started,"IENs; RFCs; source trees","Track pre-split TCP and later versions separately"
ART-0043,software,4.2BSD networking stack,CSRG/Berkeley,1983,BSD/Internet,"TCP-IP implementation/socket API",priority,"4.2BSD source tree/manuals","Implementation history distinct from protocol specification"
ART-0044,software,UUCP,Unix/Bell Labs and descendants,1970s-,UUCP networks,"store-and-forward transfer",started,"source trees/manuals","Deep excavation now exists; track protocol variants and HDB lineage"
ART-0045,software,A News/B News/C News,various,1979-,Usenet,"news propagation software",started,"source trees/docs","Deep excavation now exists; split A/B/C release trees into distinct records"
ART-0046,network,NPL Mark I Data Communications Network,National Physical Laboratory,1969-1970,NPL,"experimental local packet-switched network",started,"NPL project memoranda; Campbell-Kelly archive; switch/interface records","Distinguish partial 1969 operation from 1970 operational milestone"
ART-0047,network,NPL Mark II Data Communications Network,National Physical Laboratory,1970s,NPL,"redesigned packet network software/protocol system",started,"NPL Mark II reports; project memoranda","Primarily software/protocol redesign; exact transition milestones still need primary documents"
ART-0048,interface,BS 4421 8-bit parallel computer interface,"British Standards Institution; NPL/ICT contributors",1969,NPL/data communications,"host/computer communications interface",priority,"BS 4421 edition; NPL drafts","Important pre-RS-232 local interface lineage; rights check required"
ART-0049,protocol,Alternating-bit link protocol (NPL/Bartlett),"Keith Bartlett; NPL",1968,NPL,"link-level reliability/retransmission",priority,"Transmission Control in a Local Network; NPL memoranda","Recover exact state machine and terminology from primary text"
ART-0050,computer,CII Mitra 15,CII,1970s,CYCLADES/CIGALE,"packet-switch and terminal-concentrator processor platform",started,"Mitra 15 hardware manuals; CIGALE paper","CIGALE configuration described with 16K 16-bit words; exact revisions/site BOMs needed"
ART-0051,interface,CCITT V.24 host attachment in CYCLADES,CCITT/CYCLADES implementers,1970s,CYCLADES,"host-to-CIGALE serial/data interface",started,"CIGALE papers; host installation records","Do not collapse V.24 functional interface and electrical recommendation details"
ART-0052,network-link,NPL-CYCLADES experimental link,"NPL; IRIA; PTT/carrier participants",1974,NPL/CYCLADES,"international packet-network interconnection",started,"1974 contemporary report; NPL/IRIA technical records","Lead: Codex modems; 9600-baud circuit; IBM BSC at low level; needs bilateral primary confirmation"
ART-0053,packet-radio,ALOHAnet Terminal Control Unit,University of Hawaiʻi,1970-1971,ALOHAnet,"terminal packetization/retransmission and radio interface",started,"ALOHAnet papers; TCU schematics","Alan Okinaka/David Wax design lineage; RS-232 terminal side; exact revisions needed"
ART-0054,radio-link,ALOHAnet UHF channel pair,University of Hawaiʻi,1971,ALOHAnet,"shared packet-radio physical medium",started,"Abramson papers; FCC/allocation records; hardware manuals","Retrospective source gives 407.350 and 413.475 MHz 100-kHz channels; verify by revision/date"
ART-0055,packet-switch,ALOHAnet Menehune,University of Hawaiʻi,1970s,ALOHAnet,"central packet/control resource",priority,"ALOHAnet diagrams; source/software/hardware records","Name/hardware changed over project life; require revision-specific records"
ART-0056,protocol,Pure ALOHA,University of Hawaiʻi,1970s,ALOHAnet,"random-access shared-medium protocol",started,"original ALOHA papers","Separate theoretical protocol from deployed packet formats and TCU timing"
ART-0057,protocol,Slotted ALOHA,University of Hawaiʻi and research descendants,1970s,ALOHA family,"slotted random-access protocol",started,"original papers","Track theory/deployment separately"
ART-0058,standard,X.25 (1976 edition),CCITT,1976,public data networks,"DTE-DCE packet-mode interface",started,"CCITT Orange Book Recommendation X.25 (1976)","Do not merge later 1980/1984/1988 editions"
ART-0059,standard,X.3 PAD parameters (1976 provisional/edition),CCITT,1976,X.25 PAD,"PAD parameters/functions",started,"CCITT Orange Book/provisional recommendation","Build parameter-number diff across editions"
ART-0060,standard,X.28 terminal-to-PAD procedures (1976),CCITT,1976,X.25 PAD,"async start-stop terminal access",started,"CCITT recommendation X.28","Recover user-visible command/session procedures by public network"
ART-0061,standard,X.29 PAD control procedures (1976),CCITT,1976,X.25 PAD,"PAD-to-packet-mode DTE control/data",started,"CCITT recommendation X.29","Track protocol identification/control fields by edition"
ART-0062,software,pathalias,"Peter Honeyman and contributors",1980s,UUCP/Usenet,"UUCP route computation",priority,"pathalias source/paper; UUCP maps","Turns connectivity maps into routes; preserves economics/topology story"
ART-0063,router,BBN DARPA Internet Gateway,"BBN; DARPA",1982,Internet,"IP gateway/router",started,"RFC 823; IEN 30; IEN 109; source/manuals","PDP-11/LSI-11; preserve contemporary gateway terminology and interface-board inventory"
ART-0064,interface,ACC LSI-11 1822 interface,ACC,early 1980s,Internet/ARPANET,"gateway-to-1822 attachment",priority,"RFC 823; ACC manuals","One of several concrete interfaces supported by BBN gateway"
ART-0065,interface,Interlan Ethernet interface,Interlan,early 1980s,Internet/Ethernet,"gateway Ethernet attachment",priority,"RFC 823; Interlan manuals","Identify exact model used by BBN gateways"
ART-0066,interface,Proteon Ring interface,Proteon,early 1980s,Internet/Proteon Ring,"gateway ring-network attachment",priority,"RFC 823; Proteon manuals","Shows heterogeneous-network role of early gateways"
ART-0067,operations-system,Internet Network Operations Center (INOC),DARPA/BBN ecosystem,early 1980s,Internet,"gateway/network monitoring and operations",priority,"RFC 823; operational manuals/logs","Recover consoles alarms traps staffing and escalation procedures"
ART-0068,protocol,GGP Gateway-to-Gateway Protocol,DARPA Internet community,early 1980s,Internet,"gateway routing/control",priority,"RFCs/IENs/source","Connect to core-system and later EGP routing history"
ART-0069,software,Fuzzball networking system,David L. Mills,1970s-1990s,Internet/NSFNET,"router operating/software environment",started,"Mills archive; source/binaries; NSFNET reports","Deep internals excavation exists; separate software environment from individual physical nodes"
ART-0070,network,NSFNET 56 kbit/s backbone,"NSF; NSFNET sites",1986,NSFNET,"national academic IP backbone",started,"Mills/Braun paper; NSF/Merit records","Inventory exact Fuzzball site hardware circuits interfaces and HELLO configs"
ART-0071,network,NSFNET T1 backbone,"NSF; Merit; IBM; MCI",1988,NSFNET,"1.544 Mbit/s national academic backbone",started,"Merit/IBM/MCI/NSF records","NSS site BOM and organizational responsibility are part of the artifact"
ART-0072,protocol,HELLO routing protocol,David L. Mills/Internet community,1980s,NSFNET/Internet,"interior routing/time-delay metric",priority,"RFCs; Fuzzball source; NSFNET configs","Recover exact NSFNET deployment parameters"
ART-0073,carrier-service,NSFNET T1 long-haul circuits,MCI/partners,1988,NSFNET,"1.544 Mbit/s carrier infrastructure",priority,"MCI/Merit contracts; circuit records; CSU/DSU/interface docs","Carrier layer should be reconstructed separately from IP routing layer"
ART-0074,network,NSFNET T3 backbone,"NSF; Merit/ANS; IBM; MCI",1991,NSFNET,"45 Mbit/s national backbone",started,"Merit/ANS/IBM/MCI records","Identify RS/6000 models node architecture and 45-Mbit/s transmission equipment"
ART-0075,protocol,IP over X.25 (RFC 877 profile),IETF predecessor community,1983,Internet over public data networks,"IP encapsulation over X.25 virtual calls",started,"RFC 877; CSNET operational records","Concrete counterexample to simplistic TCP/IP-vs-X.25 histories"
ART-0076,interface,Mike Wingfield UCLA Sigma 7 Host-IMP interface,"Mike Wingfield; UCLA",1969,ARPANET/UCLA,"Sigma 7 channel to 1822 interface",priority,"Wingfield drawings; UCLA engineering records; RFC 1000 recollection","First UCLA host interface; recover logic boards connector pinout registers buffers and surviving hardware"
ART-0077,modem-data-set,Bell 303-class wideband data set,Bell System,1960s-1970s,ARPANET,"50 kbit/s first-generation inter-IMP carrier boundary",started,"Bell 303 technical reference; Report 1822; NTIA VDH report; BBN install records","Deep excavation now exists; 303C speed family established, exact 1969 UCLA/SRI suffix/interface option remains unresolved"
ART-0078,interface,1822 Local Host electrical interface,BBN/ARPANET sites,1969-,ARPANET,"nearby host-to-IMP physical interface",priority,"dated Report 1822 revisions; site schematics","Keep revision-specific signal levels timing cable length connector and grounding data"
ART-0079,interface,1822 Distant Host electrical interface,BBN/ARPANET sites,1970s,ARPANET,"longer-distance host-to-IMP physical interface",priority,"dated Report 1822 revisions; site schematics","Differential/isolated electrical implementation must not be merged with Local Host"
ART-0080,interface,1822 Very Distant Host attachment,BBN/ARPANET sites,1970s,ARPANET,"remote host over telecommunications line",started,"Report 1822; RFC 547; NTIA Report 78-3; modem/interface manuals","Concrete Bell 303/BSC/50-kbit/s VDH example now documented; site variants still need split records"
ART-0081,transceiver,Xerox experimental Ethernet transceiver,Xerox PARC,1973-1970s,Ethernet/PUP,"2.94 Mbit/s coax medium attachment",started,"PARC transceiver electrical specification; schematics; surviving hardware","Deep physical-layer excavation exists; exact electrical sheet values await scan verification"
ART-0082,software,Xerox Alto Ethernet microcode,Xerox PARC,1970s,Ethernet/PUP,"NIC/controller microcode and buffer/collision control",priority,"Alto source trees; Hardware Manual; Ethernet interface memo","Map microcode revisions to FIFO backoff receive filtering and status locations"
ART-0083,network-medium,Xerox experimental 2.94 Mbit/s Ethernet coax,Xerox PARC,1973-1970s,Ethernet,"shared passive coaxial medium",started,"PARC electrical/installation documents; photographs","CATV taps and mixed small/large coax documented; exact vendor/model/topology remains open"
ART-0084,gateway,PUP internetwork gateway,Xerox PARC,1970s,PUP internet,"forward PUP across heterogeneous packet networks",priority,"PUP specifications; gateway source; PARC network maps","Split generic architecture into named gateway hosts/models/interfaces as evidence is recovered"
ART-0085,source-code-artifact,Fuzzball source/build environment,David L. Mills,1970s-1992,Fuzzball,"PDP-11 assembler source binaries and build toolchain",priority,"Mills source archive; RT-11/MACRO-11 documentation","Create archive manifest checksums module map and code-to-paper concordance"
ART-0086,interface,Xerox Alto BBN-1822 interface,"Larry Stewart; Xerox PARC",1970s,PUP/ARPANET,"Alto attachment to ARPANET/1822",priority,"Alto Hardware Manual; PARC interface drawings/source","Concrete cross-link between PARC internetworking and ARPANET hardware"
ART-0087,surviving-specimen,ARPANET IMP No. 1 at UCLA,"BBN/Honeywell; UCLA custodian",1969-present,ARPANET/UCLA,"surviving first IMP physical artifact",priority,"UCLA Connection Lab inventory; serial/board photos; conservation records","Do not assume present board population equals September 1969 configuration without provenance"
ART-0088,processor-role,IBM RT NSFNET Packet Switching Processor,"IBM; Merit",1988,NSFNET T1 NSS,"T1/backbone packet forwarding processor role",priority,"Merit Figure 14; IBM/Merit NSS engineering documents; source code","Four PSPs shown in generic Figure 14; exact IBM RT model/interface mapping by site remains open"
ART-0089,processor-role,IBM RT NSFNET Routing Control Processor,"IBM; Merit",1988,NSFNET T1 NSS,"routing control SPF EGP policy processor",priority,"RFC 1093; Merit Figure 14; IBM routing source","Recover process layout route-distribution protocol and modified 4.3BSD build"
ART-0090,processor-role,IBM RT NSFNET External Packet Switching Processor,"IBM; Merit",1988,NSFNET T1 NSS,"client-facing Ethernet packet switching processor",priority,"Merit Figure 14; IBM/Merit site configs","Later sources sometimes use PSP-G terminology; reconcile naming and exact function by release"
ART-0091,internal-network,IBM Token Ring NSS internal fabric,IBM,1988,NSFNET T1 NSS,"dual redundant interprocessor LANs",priority,"Merit Figure 14; IBM/Merit hardware BOMs","Two rings documented; recover speed adapters MAUs cabling addresses failover and internal protocols"
ART-0092,management-computer,IBM PS/2 Model 80 Bridge Manager,IBM,1988,NSFNET T1 NSS,"internal bridge/network management",priority,"Merit Figure 14; NetView/Bridge Manager docs","Not one of the nine IBM RTs; exact PS/2 subtype OS adapters and software release unresolved"
ART-0093,management-computer,IBM PS/2 Model 80 NetView PC LAN Manager,IBM,1988,NSFNET T1 NSS,"LAN/network management",priority,"Merit Figure 14; IBM NetView documentation","Recover console role telemetry protocol and relation to NOC"
ART-0094,communications-subsystem,NSFNET Wide-Area Communications Subsystem,"IBM; MCI; Merit",1988,NSFNET T1,"logical-link/circuit management over T1 facilities",priority,"Merit/IBM/MCI WACS engineering docs; IDNX documentation","Keep circuit/channel management separate from NSS IP packet switching"
ART-0095,carrier-multiplexer,IBM IDNX in NSFNET WACS,IBM,1988,NSFNET T1,"software-controlled circuit multiplexing/channelization",priority,"contemporary IBM/Merit/MCI documents; IDNX manuals","Model number and site configuration still need primary confirmation before canonicalization"
ART-0096,operations-document,NSFNET Site Manual,"Merit; IBM; MCI",late 1980s,NSFNET,"NOC/site troubleshooting escalation and operating procedures",priority,"Merit archives; participant copies; NOC records","Recover actual manual revisions trouble-ticket forms circuit test procedures and escalation matrices"
ART-0097,protocol,BGP-4 (RFC 1771 generation),IETF IDR community,1995,Internet/BGP,"classless inter-AS path-vector routing protocol",started,"RFC 1771; RFC 1519; early vendor implementations","Structured artifact record exists; distinguish RFC 1771 generation from later RFC 4271 core specification while retaining BGP-4 name"
ART-0098,protocol,BGP-1 (RFC 1105),"Kirk Lougheed; Yakov Rekhter; Internet routing community",1989,Internet/BGP,"inter-AS reachability and AS-path policy routing",started,"RFC 1105; Cisco/NSFNET implementation records","RFC states implementations existed on cisco routers and NSFNET NSS; recover exact software releases"
ART-0099,protocol,BGP-2 (RFC 1163),"Kirk Lougheed; Yakov Rekhter; IETF IDR",1990,Internet/BGP,"inter-AS routing with generalized path attributes",started,"RFC 1163; RFC 1773","Obsoletes RFC 1105; removed up/down/horizontal AS relationship concepts and introduced path attributes"
ART-0100,protocol,BGP-3 (RFC 1267),"Kirk Lougheed; Yakov Rekhter; IETF IDR",1991,Internet/BGP,"inter-AS path-vector routing revision",started,"RFC 1267; RFC 1773","Obsoletes RFC 1163; expands NEXT_HOP use and adds BGP Identifier/open-message changes"
ART-0101,protocol,Exterior Gateway Protocol (RFC 904),"David L. Mills; DARPA Internet community",1984,Internet/EGP,"exterior reachability exchange between autonomous systems",started,"RFC 904; NSFNET EGP operational records","Documented experience base for later BGP; not a formal BGP revision"
ART-0102,standard,CIDR address assignment and aggregation strategy (RFC 1519),"Vince Fuller; Tony Li; Jessica Yu; Kannan Varadhan; IETF",1993,Internet/CIDR,"classless prefix allocation longest-match and route aggregation strategy",started,"RFC 1519; early deployment records","Cross-links to BGP-4; preserve CIDR as separate address/routing-scaling lineage rather than a BGP-only feature"
ART-0103,standard,IEEE 802.1D-1990 MAC Bridges,IEEE,1990,IEEE 802 LAN bridging,"transparent bridging and spanning-tree bridge behavior",started,"IEEE 802.1D-1990; RFC 1493","Separate IEEE STP from DEC LANbridge 100 STP dialects"
ART-0104,standard,IEEE 802.1Q-1998 Virtual Bridged Local Area Networks,IEEE,1998,IEEE 802 VLAN,"virtual bridged LAN architecture VLAN-aware forwarding and tagging",started,"IEEE 802.1Q-1998","Board approved 1998-12-08; published 1999-03-08; track later consolidation of 802.1D"
ART-0105,protocol-family,Microcom Networking Protocol (MNP) error-control family,Microcom,1980s,dial-up modems,"modem-side error detection retransmission and compatibility",priority,"original Microcom MNP specifications patents manuals","Later V.42-era products preserve MNP Classes 2-4 interoperability; original class genealogy still needed"
ART-0106,protocol,MNP Class 5 compression,Microcom,1980s,dial-up modems,"modem-side data compression",priority,"original Microcom Class 5 specification; product manuals","Keep distinct from MNP Classes 2-4 error control and from V.42bis"
ART-0107,standard,CCITT V.42 (11/1988),CCITT,1988,dial-up modems,"standardized modem error correction using LAPM plus compatibility procedures",started,"CCITT Recommendation V.42 11/1988","Treat 1993/1996/2002 editions as formal revisions"
ART-0108,standard,CCITT V.42bis (01/1990),CCITT,1990,dial-up modems,"data compression for DCEs using error-control procedures",started,"CCITT Recommendation V.42bis 01/1990","Distinct from V.42 error control and MNP5 compression"
ART-0109,modem-data-set,Hayes Smartmodem family,Hayes Microcomputer Products,late 1970s-1980s,dial-up personal computing,"software-controlled dial/answer modem and command interpreter",priority,"first-generation Smartmodem manuals advertisements product records","Resolve exact first-model introduction chronology separately from later Smartmodem 1200/2400"
ART-0110,interface,Hayes Standard AT Command Set,Hayes Microcomputer Products,1980s,Hayes-compatible modems,"text command/control interface over serial DTE connection",started,"Hayes technical references; third-party compatibility manuals","De facto ecosystem interface rather than one immutable formal standard"
ART-0111,configuration-interface,Hayes S-register configuration model,Hayes Microcomputer Products,1980s,Hayes-compatible modems,"numbered persistent/runtime modem configuration registers",priority,"Hayes owner/technical manuals by revision","Build register-by-register genealogy because meanings/defaults vary across models"
ART-0112,protocol-interface,Hayes command/data mode escape mechanism,Hayes Microcomputer Products,1980s,Hayes-compatible modems,"switch between online data mode and local command mode",priority,"earliest Smartmodem manual; later technical references","Recover original +++ guard-time semantics and revisions; distinguish characters from timing/state machine"
ART-0113,protocol,RADIUS (RFC 2058 generation),"Livingston Enterprises; IETF RADIUS/NASREQ community",1997,RADIUS/Network Access Servers,"centralized authentication authorization and service configuration for NAS/modem-pool access",started,"RFC 2058; pre-RFC Livingston source; PortMaster/ComOS records","Structured artifact exists; RFC explicitly documents Livingston PortMaster origin; trace 2058→2138→2865 and Accounting sibling branch"
ART-0116,protocol,DHCP (RFC 1531 generation),IETF,1993,DHCP/BOOTP,"first published DHCP generation adding reusable address allocation and leases to BOOTP",priority,"RFC 1531 (SRC-0099)","Reserved revision-level identity referenced by SRC-0099; promote to a structured artifact during the RFC 1531→1541→2131 diff"
ART-0120,protocol,PPP (RFC 1134 generation),IETF,1989,PPP,"early multi-protocol point-to-point framework and LCP lineage",priority,"RFC 1134 (SRC-0103)","Reserved revision-level identity referenced by SRC-0103; promote to a structured artifact during the RFC 1134→1171→1331→1548→1661 diff"
